business,city_used,latitude,longitude,maps_search_url
5 Star BBQ,"Provo, UT",,,https://www.google.com/maps/search/5%20Star%20BBQ%20Provo%2C%20UT
BYU Bowling & Games Center,"Provo, UT",,,https://www.google.com/maps/search/BYU%20Bowling%20%26%20Games%20Center%20Provo%2C%20UT
BYU Outdoors Unlimited,"Provo, UT",,,https://www.google.com/maps/search/BYU%20Outdoors%20Unlimited%20Provo%2C%20UT
BYU Studio 1030,"Provo, UT",,,https://www.google.com/maps/search/BYU%20Studio%201030%20Provo%2C%20UT
Bad Apple & FIXIT,"Provo, UT",,,https://www.google.com/maps/search/Bad%20Apple%20%26%20FIXIT%20Provo%2C%20UT
Bobbys Burgers,"Provo, UT",,,https://www.google.com/maps/search/Bobbys%20Burgers%20Provo%2C%20UT
Body Balance Massage and Float,"American Fork, UT",,,https://www.google.com/maps/search/Body%20Balance%20Massage%20and%20Float%20American%20Fork%2C%20UT
Brazuca Pizza,"Provo, UT",,,https://www.google.com/maps/search/Brazuca%20Pizza%20Provo%2C%20UT
Bruster's Ice Cream,"Provo, UT",,,https://www.google.com/maps/search/Bruster%27s%20Ice%20Cream%20Provo%2C%20UT
Bumblebees KBBQ & Grill,"Provo, UT",,,https://www.google.com/maps/search/Bumblebees%20KBBQ%20%26%20Grill%20Provo%2C%20UT
Chiropractic Access Accident Center,"Provo, UT",,,https://www.google.com/maps/search/Chiropractic%20Access%20Accident%20Center%20Provo%2C%20UT
Classy Smiles,"Provo, UT",,,https://www.google.com/maps/search/Classy%20Smiles%20Provo%2C%20UT
Coin Crazy,"Provo, UT",,,https://www.google.com/maps/search/Coin%20Crazy%20Provo%2C%20UT
Craving's Bistro,"Provo, UT",,,https://www.google.com/maps/search/Craving%27s%20Bistro%20Provo%2C%20UT
Cravings Alisha's Cupcakes,"Provo, UT",,,https://www.google.com/maps/search/Cravings%20Alisha%27s%20Cupcakes%20Provo%2C%20UT
Dippin' Dots Fab Freddy's,"Lehi, UT",,,https://www.google.com/maps/search/Dippin%27%20Dots%20Fab%20Freddy%27s%20Lehi%2C%20UT
Dreamwalk Park,"Provo, UT",,,https://www.google.com/maps/search/Dreamwalk%20Park%20Provo%2C%20UT
DryBarComedy.com,"Provo, UT",,,https://www.google.com/maps/search/DryBarComedy.com%20Provo%2C%20UT
Durley Dry Cleaners,"Provo, UT",,,https://www.google.com/maps/search/Durley%20Dry%20Cleaners%20Provo%2C%20UT
El Beto,"Provo, UT",,,https://www.google.com/maps/search/El%20Beto%20Provo%2C%20UT
El Molcajete,"Provo, UT",,,https://www.google.com/maps/search/El%20Molcajete%20Provo%2C%20UT
Escapes In Time,"Provo, UT",,,https://www.google.com/maps/search/Escapes%20In%20Time%20Provo%2C%20UT
FORGE Jewelry Works,"Provo, UT",,,https://www.google.com/maps/search/FORGE%20Jewelry%20Works%20Provo%2C%20UT
Fabulosos Tacos,"Provo, UT",,,https://www.google.com/maps/search/Fabulosos%20Tacos%20Provo%2C%20UT
FatCats,"Provo, UT",,,https://www.google.com/maps/search/FatCats%20Provo%2C%20UT
Golden Corral Buffet,"Orem, UT",,,https://www.google.com/maps/search/Golden%20Corral%20Buffet%20Orem%2C%20UT
Gurus Cafe,"Provo, UT",,,https://www.google.com/maps/search/Gurus%20Cafe%20Provo%2C%20UT
Healing Vibes,"Provo, UT",,,https://www.google.com/maps/search/Healing%20Vibes%20Provo%2C%20UT
Healing Vibes,"Orem, UT",,,https://www.google.com/maps/search/Healing%20Vibes%20Orem%2C%20UT
HiddenHunts.com,"Provo, UT",,,https://www.google.com/maps/search/HiddenHunts.com%20Provo%2C%20UT
High Country Adventure,"Provo Canyon, UT",,,https://www.google.com/maps/search/High%20Country%20Adventure%20Provo%20Canyon%2C%20UT
Hungry Hawaiian,"Provo, UT",,,https://www.google.com/maps/search/Hungry%20Hawaiian%20Provo%2C%20UT
Improv Broadway,"Provo, UT",,,https://www.google.com/maps/search/Improv%20Broadway%20Provo%2C%20UT
Jersey Mikes,"Provo, UT",,,https://www.google.com/maps/search/Jersey%20Mikes%20Provo%2C%20UT
Karaoke38,"Provo, UT",,,https://www.google.com/maps/search/Karaoke38%20Provo%2C%20UT
Klucks Krispy Chicken,"Saratoga Springs, UT",,,https://www.google.com/maps/search/Klucks%20Krispy%20Chicken%20Saratoga%20Springs%2C%20UT
Kohinoor Cuisine of India,"Provo, UT",,,https://www.google.com/maps/search/Kohinoor%20Cuisine%20of%20India%20Provo%2C%20UT
Korean Dinewan Restaurant,"Provo, UT",,,https://www.google.com/maps/search/Korean%20Dinewan%20Restaurant%20Provo%2C%20UT
Laser Assault,"Provo, UT",,,https://www.google.com/maps/search/Laser%20Assault%20Provo%2C%20UT
MTECH Cosmetology,"Lehi, UT",,,https://www.google.com/maps/search/MTECH%20Cosmetology%20Lehi%2C%20UT
Mandalyn Academy,"Provo, UT",,,https://www.google.com/maps/search/Mandalyn%20Academy%20Provo%2C%20UT
MidiCi The Neapolitan Pizza Company,"Provo, UT",,,https://www.google.com/maps/search/MidiCi%20The%20Neapolitan%20Pizza%20Company%20Provo%2C%20UT
MilkShake Factory,"Provo, UT",,,https://www.google.com/maps/search/MilkShake%20Factory%20Provo%2C%20UT
Monster Pest Control,"Provo, UT",,,https://www.google.com/maps/search/Monster%20Pest%20Control%20Provo%2C%20UT
Nautical Bowls,"Provo, UT",,,https://www.google.com/maps/search/Nautical%20Bowls%20Provo%2C%20UT
Ninja Playground,"Provo, UT",,,https://www.google.com/maps/search/Ninja%20Playground%20Provo%2C%20UT
Ombu Grill,"Provo, UT",,,https://www.google.com/maps/search/Ombu%20Grill%20Provo%2C%20UT
Onoh's Malasada Co,"Provo, UT",,,https://www.google.com/maps/search/Onoh%27s%20Malasada%20Co%20Provo%2C%20UT
Onoh's Malasada Co.,"Provo, UT",,,https://www.google.com/maps/search/Onoh%27s%20Malasada%20Co.%20Provo%2C%20UT
Parlor Doughnuts,"Provo, UT",,,https://www.google.com/maps/search/Parlor%20Doughnuts%20Provo%2C%20UT
Paul Mitchell the School Provo,"Provo, UT",,,https://www.google.com/maps/search/Paul%20Mitchell%20the%20School%20Provo%20Provo%2C%20UT
Provo Canyon Adventures,"Provo Canyon, UT",,,https://www.google.com/maps/search/Provo%20Canyon%20Adventures%20Provo%20Canyon%2C%20UT
Quarry Indoor Climbing Center,"Provo, UT",,,https://www.google.com/maps/search/Quarry%20Indoor%20Climbing%20Center%20Provo%2C%20UT
Quick Wits Comedy,"Provo, UT",,,https://www.google.com/maps/search/Quick%20Wits%20Comedy%20Provo%2C%20UT
Redline Racing,"Provo, UT",,,https://www.google.com/maps/search/Redline%20Racing%20Provo%2C%20UT
Revive PT Cryo,"Provo, UT",,,https://www.google.com/maps/search/Revive%20PT%20Cryo%20Provo%2C%20UT
Ritz Eats and Sweets,"Orem, UT",,,https://www.google.com/maps/search/Ritz%20Eats%20and%20Sweets%20Orem%2C%20UT
Roll Up Crepes,"Orem, UT",,,https://www.google.com/maps/search/Roll%20Up%20Crepes%20Orem%2C%20UT
Rosati's Authentic Chicago Pizza,"Provo, UT",,,https://www.google.com/maps/search/Rosati%27s%20Authentic%20Chicago%20Pizza%20Provo%2C%20UT
Rowley's Red Barn,"Santaquin, UT",,,https://www.google.com/maps/search/Rowley%27s%20Red%20Barn%20Santaquin%2C%20UT
Rowley's Red Barn,"Provo, UT",,,https://www.google.com/maps/search/Rowley%27s%20Red%20Barn%20Provo%2C%20UT
Salsa at Southworth,"Provo, UT",,,https://www.google.com/maps/search/Salsa%20at%20Southworth%20Provo%2C%20UT
Scratch Miniature Golf,"Provo, UT",,,https://www.google.com/maps/search/Scratch%20Miniature%20Golf%20Provo%2C%20UT
Splash Drinks and Treats,"Lehi, UT",,,https://www.google.com/maps/search/Splash%20Drinks%20and%20Treats%20Lehi%2C%20UT
Taste117,"Provo, UT",,,https://www.google.com/maps/search/Taste117%20Provo%2C%20UT
Tax Freedom Fighters,"Provo, UT",,,https://www.google.com/maps/search/Tax%20Freedom%20Fighters%20Provo%2C%20UT
The Great Greek Mediterranean Grill,"Provo, UT",,,https://www.google.com/maps/search/The%20Great%20Greek%20Mediterranean%20Grill%20Provo%2C%20UT
The Hive Trampoline Park,"Provo, UT",,,https://www.google.com/maps/search/The%20Hive%20Trampoline%20Park%20Provo%2C%20UT
The Pickr,"Lehi, UT",,,https://www.google.com/maps/search/The%20Pickr%20Lehi%2C%20UT
The Rift Augmented Reality,"Provo, UT",,,https://www.google.com/maps/search/The%20Rift%20Augmented%20Reality%20Provo%2C%20UT
The Yard Milkshake Bar,"Provo, UT",,,https://www.google.com/maps/search/The%20Yard%20Milkshake%20Bar%20Provo%2C%20UT
Tommy's Burgers,"Provo, UT",,,https://www.google.com/maps/search/Tommy%27s%20Burgers%20Provo%2C%20UT
UVU Athletics,"Provo, UT",,,https://www.google.com/maps/search/UVU%20Athletics%20Provo%2C%20UT
UVU Scoops,"Provo, UT",,,https://www.google.com/maps/search/UVU%20Scoops%20Provo%2C%20UT
UVU Store,"Provo, UT",,,https://www.google.com/maps/search/UVU%20Store%20Provo%2C%20UT
Us and Art,"Provo, UT",,,https://www.google.com/maps/search/Us%20and%20Art%20Provo%2C%20UT
Utah Center for the Ceramic Arts,"Provo, UT",,,https://www.google.com/maps/search/Utah%20Center%20for%20the%20Ceramic%20Arts%20Provo%2C%20UT
Utah Country Dance,"Provo, UT",,,https://www.google.com/maps/search/Utah%20Country%20Dance%20Provo%2C%20UT
Utah Grizzlies,"Provo, UT",,,https://www.google.com/maps/search/Utah%20Grizzlies%20Provo%2C%20UT
Voltage eBike,"Provo, UT",,,https://www.google.com/maps/search/Voltage%20eBike%20Provo%2C%20UT
Wayback Burgers,"Pleasant Grove, UT",,,https://www.google.com/maps/search/Wayback%20Burgers%20Pleasant%20Grove%2C%20UT
Yummy Ice Cream,"Provo, UT",,,https://www.google.com/maps/search/Yummy%20Ice%20Cream%20Provo%2C%20UT
Zub's Pizza & Sub's,"Provo, UT",,,https://www.google.com/maps/search/Zub%27s%20Pizza%20%26%20Sub%27s%20Provo%2C%20UT
Zub's Pizza & Subs,"Provo, UT",,,https://www.google.com/maps/search/Zub%27s%20Pizza%20%26%20Subs%20Provo%2C%20UT
