name,phone,website
5 Star BBQ,,
Arby's,,
Auntie Anne's,,
Avenue Bakery,,
BYU Bowling & Games Center,,
BYU Outdoors Unlimited,,
BYU Store,,
BYU Studio 1030,,
Back Nine Golf,,
Bad Apple & FIXIT,,
Bahama Buck's,,
Bajio Mexican Grill,,
Baskin Robbins,,
Bobbys Burgers,,
Body Balance Massage and Float,,
Brazuca Pizza,,
Bruster's Ice Cream,,
Bubbakoo's Burritos,,
Buffalo Wild Wings,,
Bumblebees KBBQ & Grill,,
Burgers Supreme,,
CHOM,,
CLAS Ropes Course,,
Carl's Jr,,
Carrabba's Italian Grill,,
Chili's,,
Chiropractic Access Accident Center,,
Chubby's,,
Cinnabon,,
Cinnaholic,,
Classic Fun Center,,
Classy Smiles,,
Coin Crazy,,
Cold Stone Creamery,,
Color Me Mine,,
Costa Vida,,
Craving's Bistro,,
Cravings Alisha's Cupcakes,,
Cravings Bistro,,
Culver's,,
Curry Pizza,,
Dairy Queen,,
Daylight Donuts,,
Denny's,,
Dippin' Dots Fab Freddy's,,
Dirty Dough's,,
Domino's,,
Dragon's Keep,,
Dreamwalk Park,,
DryBarComedy.com,,
Durley Dry Cleaners,,
El Beto,,
El Molcajete,,
El Pollo Loco,,
Escapes In Time,,
FORGE Jewelry Works,,
Fabulosos Tacos,,
Fabulous Freddy's,,
FatCats,,
Firebird Pizza & Pasta,,
Five Sushi Brothers,,
Franz Bakery Outlet,,
Freddy's Frozen Custard & Steakburgers,,
G.O.A.T Haircuts,,
Game Grid,,
Gandolfo's,,
Ganesh Indian Cuisine,,
GetOut Games,,
Golden Corral Buffet,,
Grease Monkey,,
Great Harvest Bread Co.,,
Gurus Cafe,,
Hang Time Adventure Park,,
Havoline,,
Healing Vibes,,
Heber Hatchets,,
HiddenHunts.com,,
High Country Adventure,,
Honey Baked Ham,,
Hungry Hawaiian,,
Ike's,,
Improv Broadway,,
JCW's,,
Jack & Jill Lanes,,
Jack in the Box,,
Jamba Juice,,
Jersey Mikes,,
Jiffy Lube,,
Karaoke38,,
Klucks Krispy Chicken,,
Kohinoor Cuisine of India,,
Korean Dinewan Restaurant,,
Kreative Kiln,,
LAN King,,
Laser Assault,,
LoLo Hawaiian BBQ,,
Los Hermanos,,
Lowes Xtreme Air Sports,,
MTECH Cosmetology,,
Malawi's Pizza,,
Mandalyn Academy,,
Marco's Pizza,,
McDonald's,,
Melty,,
MidiCi The Neapolitan Pizza Company,,
MilkShake Factory,,
Miracle Bowl,,
Monster Pest Control,,
Mooyah,,
Mrs. Cavanaugh's Chocolates,,
Nautical Bowls,,
Ninja Playground,,
Nothing Bundt Cakes,,
Ombu Grill,,
Onoh's Malasada Co.,,
Outback Steakhouse,,
Papa Murphy's,,
Parlor Doughnuts,,
Paul Mitchell the School Provo,,
Peaks Ice Arena,,
Pier 49 Pizza,,
Pita Pit,,
Pizza Hut,,
Pizza Pie Cafe,,
Provo Bakery,,
Provo Beach,,
Provo Canyon Adventures,,
Quarry Indoor Climbing Center,,
Quench It!,,
Quick Wits Comedy,,
Rancherito's,,
Red Fuego,,
Redline Racing,,
Revive PT Cryo,,
Rhyno's Axe & Archery,,
Ritz Eats and Sweets,,
Rocky Mountain Chocolate Factory,,
Rodizio Grill,,
Roll Up Crepes,,
Rosati's Authentic Chicago Pizza,,
Rowley's Red Barn,,
Roxberry Juice Co.,,
Ruby River,,
Rumbi Island Grill,,
SCERA,,
Salsa at Southworth,,
Scratch Miniature Golf,,
Shiny Shell Carwash,,
Sip-N,,
Slurp,,
Sonic,,
Splash Drinks and Treats,,
Splash Summit Waterpark,,
Stadium Cinemas,,
Sub Zero Ice Cream,,
Sweeto Burrito,,
Taco Time,,
Tandoor Indian Grill,,
Taste117,,
Tax Freedom Fighters,,
Taylor Andrews Academy,,
The Forum Academy,,
The Great Greek Mediterranean Grill,,
The Hive Trampoline Park,,
The Pickr,,
The Place Pizza,,
The Rift Augmented Reality,,
The Ruth,,
The Smoked Taco,,
The Yard Milkshake Bar,,
This Is The Place Heritage Park,,
Tommy's Burgers,,
Tropical Smoothie Cafe,,
Tsubame Rotating Sushi,,
Twisted Sugar,,
UVU Athletics,,
UVU Scoops,,
UVU Store,,
Umami Japanese Barbeque,,
Us and Art,,
Utah Center for the Ceramic Arts,,
Utah Country Dance,,
Utah Grizzlies,,
Village Inn,,
Voltage eBike,,
Waffle Love,,
Wallaby's,,
Wayback Burgers,,
Wendy's,,
Wing Nutz,,
Wingers,,
Wingstop,,
Yogurtland,,
Yonutz,,
Yummy Ice Cream,,
Yummy's Korean BBQ,,
ZAGG,,
Zipline Utah,,
Zub's Pizza & Subs,,
